<?xml version="1.0" encoding="UTF-8"?>
<project-private xmlns="http://www.netbeans.org/ns/project-private/1">
    <editor-bookmarks xmlns="http://www.netbeans.org/ns/editor-bookmarks/2" lastBookmarkId="0"/>
    <open-files xmlns="http://www.netbeans.org/ns/projectui-open-files/2">
        <group>
            <file>file:/C:/Users/Devesh/Documents/NetBeansProjects/Payroll/src/frmLogin.java</file>
            <file>file:/C:/Users/Devesh/Documents/NetBeansProjects/Payroll/src/frmAddEmp.java</file>
            <file>file:/C:/Users/Devesh/Documents/NetBeansProjects/Payroll/src/frmSignup.java</file>
        </group>
    </open-files>
</project-private>
